{"cameraMode":{"drawMode":0,"name":"Shaded","section":"Shading Mode"},"sceneLighting":true,"audioPlay":false,"sceneViewState":{"m_AlwaysRefresh":false,"showFog":true,"showSkybox":true,"showFlares":true,"showImageEffects":true,"showParticleSystems":true,"showVisualEffectGraphs":true,"m_FxEnabled":true},"in2DMode":false,"pivot":{"x":-0.9840861558914185,"y":-1.0411548614501954,"z":0.15783929824829102},"rotation":{"x":0.23271912336349488,"y":-0.5880704522132874,"z":0.1817045360803604,"w":0.7530457973480225},"size":4.466025352478027,"orthographic":false}